<?xml version="1.0" encoding="UTF-8"?>
<project-private xmlns="http://www.netbeans.org/ns/project-private/1">
    <editor-bookmarks xmlns="http://www.netbeans.org/ns/editor-bookmarks/2" lastBookmarkId="0"/>
    <open-files xmlns="http://www.netbeans.org/ns/projectui-open-files/2">
        <group>
            <file>file:/C:/Users/wjohnke/Desktop/CSF17/wmjxb2CS4750_HW6/src/wmjxb2cs4750_hw6/TotalGrid.java</file>
            <file>file:/C:/Users/wjohnke/Desktop/CSF17/wmjxb2CS4750_HW6/src/wmjxb2cs4750_hw6/Wmjxb2CS4750_HW6.java</file>
            <file>file:/C:/Users/wjohnke/Desktop/CSF17/wmjxb2CS4750_HW6/src/wmjxb2cs4750_hw6/Space.java</file>
        </group>
    </open-files>
</project-private>
