<?xml version="1.0" encoding="UTF-8"?>
<project-private xmlns="http://www.netbeans.org/ns/project-private/1">
    <editor-bookmarks xmlns="http://www.netbeans.org/ns/editor-bookmarks/2" lastBookmarkId="0"/>
    <open-files xmlns="http://www.netbeans.org/ns/projectui-open-files/2">
        <group>
            <file>file:/C:/Users/wjohnke/Desktop/CSF17/wmjxb2HW4_CS4750/src/wmjxb2hw3_cs4750/Status.java</file>
            <file>file:/C:/Users/wjohnke/Desktop/CSF17/wmjxb2HW4_CS4750/src/wmjxb2hw3_cs4750/Wmjxb2HW3_CS4750.java</file>
            <file>file:/C:/Users/wjohnke/Desktop/CSF17/wmjxb2HW4_CS4750/src/wmjxb2hw3_cs4750/Coordinate.java</file>
            <file>file:/C:/Users/wjohnke/Desktop/CSF17/wmjxb2HW4_CS4750/src/wmjxb2hw3_cs4750/State.java</file>
        </group>
    </open-files>
</project-private>
